{
  "tp": 9898,
  "fp": 3553,
  "tn": 8921,
  "fn": 2628,
  "accuracy": 0.75276,
  "f1_macro": 0.7523818260352377,
  "n_samples": 25000,
  "run_id": "bilstm-sigmoid-rmsprop-len50-clip1-seed42"
}