{
  "tp": 9283,
  "fp": 3818,
  "tn": 8656,
  "fn": 3243,
  "accuracy": 0.71756,
  "f1_macro": 0.7173822316149321,
  "n_samples": 25000,
  "run_id": "bilstm-tanh-adam-len25-clip1-seed42"
}