{
  "tp": 10543,
  "fp": 3918,
  "tn": 8556,
  "fn": 1983,
  "accuracy": 0.76396,
  "f1_macro": 0.7624594395568249,
  "n_samples": 25000,
  "run_id": "bilstm-relu-adam-len50-clip0-seed42"
}