{
  "tp": 11970,
  "fp": 5911,
  "tn": 6563,
  "fn": 556,
  "accuracy": 0.74132,
  "f1_macro": 0.7286259244470974,
  "n_samples": 25000,
  "run_id": "lstm-sigmoid-rmsprop-len100-clip0-seed42"
}