{
  "tp": 10308,
  "fp": 4455,
  "tn": 8019,
  "fn": 2218,
  "accuracy": 0.73308,
  "f1_macro": 0.7308234299334857,
  "n_samples": 25000,
  "run_id": "lstm-tanh-adam-len50-clip0-seed42"
}