{
  "tp": 9303,
  "fp": 3436,
  "tn": 9038,
  "fn": 3223,
  "accuracy": 0.73364,
  "f1_macro": 0.7336100684272885,
  "n_samples": 25000,
  "run_id": "lstm-sigmoid-rmsprop-len50-clip1-seed42"
}