seq_len,bilstm,lstm,rnn
25,0.6195666666666667,0.6000844444444444,0.53468
50,0.6378755555555555,0.6089733333333334,0.5262688888888889
100,0.66106,0.6221311111111112,0.5204955555555555
