seq_len,adam,rmsprop,sgd
25,0.6782111111111111,0.5710888888888889,0.5050311111111111
50,0.6930555555555555,0.5750555555555557,0.5050066666666667
100,0.70404,0.5941866666666668,0.50546
